Tag;Frequency
404-error ; 432
500-internal-error ; 30
access ; 30
accessibility ; 7
account ; 19
actions ; 658
activation ; 85
add-cap ; 12
add-editor-style ; 6
add-feed ; 9
add-image-size ; 139
add-menu-page ; 49
add-options ; 14
add-rewrite-rule ; 190
add-settings-field ; 26
add-settings-section ; 7
add-submenu-page ; 41
add-theme-support ; 29
admin ; 1089
admin-bar ; 135
admin-css ; 19
admin-init ; 6
admin-menu ; 328
admin-ui ; 10
ads ; 22
adsense ; 23
advanced-custom-fields ; 412
advanced-taxonomy-queries ; 107
ajax ; 1025
akismet ; 15
allowedtags ; 6
amazon ; 29
android ; 13
apache ; 122
apc ; 9
api ; 199
archive-template ; 59
archives ; 552
array ; 322
attachment-fields-to-edit ; 22
attachments ; 642
attribute ; 42
audio ; 67
authentication ; 102
author ; 493
author-template ; 76
authorization ; 7
auto-update ; 71
autocomplete ; 39
automate ; 43
automatic-updates ; 21
automation ; 29
autosave ; 15
avatar ; 80
backbone ; 26
backup ; 78
bbpress ; 116
best-practices ; 133
blog ; 225
blog-id ; 13
blog-page ; 69
blogger ; 10
blogging ; 9
bloginfo ; 38
blogroll ; 19
bookmark ; 14
books ; 10
breadcrumb ; 66
browser-compatibility ; 22
buddypress ; 356
bug ; 40
bug-tracking ; 6
bulk ; 65
bulk-import ; 48
buttons ; 71
cache ; 241
caching ; 71
calendar ; 56
callbacks ; 49
capabilities ; 236
captcha ; 20
captions ; 66
categories ; 2397
category-description ; 11
cdn ; 58
challenge ; 3
characters ; 41
child-pages ; 149
child-theme ; 428
children ; 88
cleanup ; 18
clone-site ; 17
cloud ; 15
cms ; 121
code ; 134
codex ; 43
coding-standards ; 20
collapse ; 7
collation ; 3
color-picker ; 30
columns ; 133
command-line ; 20
comment-form ; 119
comment-meta ; 32
comments ; 1123
comments-template ; 46
community ; 12
comparison ; 13
compatibility ; 10
composer ; 5
compression ; 17
conditional-content ; 173
conditional-tags ; 304
configuration ; 71
constants ; 29
contact ; 69
content ; 285
content-restriction ; 56
content-width ; 6
contextual-help ; 20
cookies ; 132
copyright ; 13
core ; 99
core-modifications ; 28
count ; 133
crm ; 6
cron ; 131
cropping ; 49
css ; 903
csv ; 24
cubepoints ; 5
curl ; 23
custom-background ; 41
custom-content ; 19
custom-field ; 1975
custom-header ; 66
custom-post-type-archives ; 208
custom-post-types ; 5272
custom-roles ; 81
custom-taxonomy ; 2306
custom-write-panel ; 10
customization ; 2043
dashboard ; 304
database ; 1113
date ; 272
date-time ; 170
datepicker ; 26
dbdelta ; 18
deactivated-plugin ; 11
deactivation ; 18
debug ; 151
default ; 61
deleted ; 44
deleting ; 52
deployment ; 46
deprecation ; 20
description ; 55
design ; 53
development ; 113
development-strategy ; 27
directory ; 252
disqus ; 41
dns ; 18
documentation ; 22
domain ; 127
domain-mapping ; 105
draft ; 54
drag-drop ; 2
dropdown ; 173
duplicates ; 52
e-commerce ; 107
eclipse ; 2
editor ; 292
email ; 346
email-verification ; 6
embed ; 129
enclosure ; 3
encoding ; 69
encryption ; 8
endpoints ; 18
error-handling ; 22
errors ; 503
esc-textarea ; 10
escaping ; 43
events ; 102
excerpt ; 292
exclude ; 124
export ; 147
extend ; 27
facebook ; 250
faq ; 5
fatal-error ; 77
favicon ; 25
featured-post ; 68
features ; 22
feed ; 229
feedburner ; 27
feedwordpress ; 13
fetch-feed ; 38
file-manager ; 18
filesystem ; 53
filesystem-api ; 4
filters ; 1277
flash ; 19
flickr ; 6
flutter ; 2
footer ; 109
foreach ; 122
formatting ; 116
forms ; 593
forum ; 33
fragment ; 5
framework ; 44
front-end ; 317
frontpage ; 140
ftp ; 73
function-exists ; 13
functions ; 2245
gallery ; 535
genesis-theme-framework ; 97
geo-data ; 30
get-bookmarks ; 10
get-categories ; 155
get-children ; 26
get-comments ; 66
get-option ; 70
get-page ; 31
get-plugin-data ; 5
get-post ; 18
get-post-meta ; 157
get-posts ; 438
get-row ; 5
get-template-part ; 89
get-terms ; 178
get-the-category ; 75
get-the-id ; 9
get-the-tags ; 14
get-the-term-list ; 27
get-the-title ; 49
get-theme-mod ; 13
get-user-count ; 3
get-users ; 74
git ; 50
github ; 15
globals ; 91
google ; 38
google-analytics ; 48
google-chrome ; 8
google-docs ; 5
google-maps ; 62
google-plus ; 15
google-search ; 35
google-translate ; 4
google-xml-sitemaps ; 10
gravatar ; 44
groupby ; 13
guids ; 16
hacked ; 41
hacks ; 49
header-image ; 38
headers ; 284
heartbeat-api ; 9
hierarchical ; 158
home-url ; 42
homepage ; 295
hooks ; 832
hosting ; 100
hosting-recommendation ; 7
htaccess ; 516
html ; 379
html-editor ; 62
html-email ; 19
html5 ; 50
htmlspecialchars-decode ; 8
http ; 40
http-api ; 35
https ; 87
hyperdb ; 9
icon ; 35
id ; 148
ide ; 7
iis ; 64
image-editor ; 9
image-resize ; 107
image-size ; 199
images ; 1571
import ; 266
include ; 126
infinite-scroll ; 35
init ; 39
innodb ; 8
input ; 42
installation ; 240
integration ; 49
internal-server-error ; 19
ios ; 10
ip ; 25
iphone ; 18
javascript ; 795
jigoshop ; 15
jobboard ; 5
join-tables ; 14
jquery ; 1197
jquery-ui ; 98
json ; 105
jwplayer ; 9
l10n ; 15
labels ; 16
language ; 98
latex ; 16
library ; 28
licensing ; 34
lifetime ; 2
lightbox ; 2
limit ; 74
line-breaks ; 28
link-category ; 24
linking ; 16
links ; 454
linux ; 29
list ; 153
list-authors ; 48
listing ; 19
lists ; 11
local-installation ; 71
localhost ; 119
localization ; 184
location-search ; 12
lockdown ; 4
logging ; 17
login ; 720
logo ; 28
logout ; 59
loop ; 1782
lost-password ; 25
mac ; 10
magento ; 11
mailing-list ; 7
maintenance ; 29
management ; 18
map ; 14
markdown ; 15
markup ; 26
mash-up ; 3
masonry ; 18
maximized-width ; 6
media ; 537
media-library ; 458
media-modal ; 52
media-model ; 16
media-settings ; 32
members ; 36
membership ; 71
memory ; 88
menu-order ; 31
menus ; 1730
mercurial ; 3
merging ; 12
meta-query ; 375
meta-value ; 77
metabox ; 1053
microsoft ; 10
migration ; 240
mo ; 13
mobile ; 149
mod-rewrite ; 104
moderation ; 38
mssql ; 4
mu-plugins ; 17
multi-author ; 35
multi-language ; 214
multi-taxonomy-query ; 55
multisite ; 1732
multisite-user-management ; 27
mvc ; 14
mysql ; 637
navigation ; 492
navigation-bar ; 33
netbeans ; 2
network-admin ; 66
newsletter ; 23
next ; 23
next-post-link ; 114
nextpage ; 24
nginx ; 104
nofollow ; 20
noindex ; 18
nonce ; 69
notices ; 30
notifications ; 105
oauth ; 6
object ; 45
oembed ; 75
offline ; 14
offsets ; 30
oop ; 84
open-graph ; 35
openid ; 8
optimization ; 79
options ; 281
order ; 352
outside-wordpress ; 26
page-attributes ; 27
page-specific-settings ; 15
page-template ; 623
paged ; 42
pages ; 1417
paginate-comments-links ; 8
paginate-links ; 56
pagination ; 1009
paid-plugins ; 8
parameter ; 50
parent-theme ; 48
parse ; 16
password ; 194
patch ; 2
paths ; 69
paypal ; 41
pdf ; 44
pdo ; 1
performance ; 275
permalinks ; 1608
permissions ; 212
php ; 3219
php.ini ; 12
phpmailer ; 11
phpmyadmin ; 56
pingbacks ; 31
pluggable ; 60
plugin-add-this ; 2
plugin-all-in-one-cufon ; 2
plugin-all-in-one-seo ; 15
plugin-cforms ; 9
plugin-chat ; 6
plugin-contact-form-7 ; 111
plugin-custom-permalinks ; 24
plugin-development ; 2489
plugin-event-organiser ; 8
plugin-events-calendar ; 10
plugin-gd-star-rating ; 19
plugin-gravity-forms ; 95
plugin-iframe-reloaded ; 3
plugin-jetpack ; 108
plugin-json-api ; 51
plugin-list-category-post ; 57
plugin-magic-fields ; 15
plugin-mailchimp ; 15
plugin-mailchimp-sts ; 2
plugin-mathjax ; 7
plugin-members ; 13
plugin-more-fields ; 14
plugin-nextgen-gallery ; 83
plugin-ninja-forms ; 6
plugin-option-tree ; 6
plugin-options ; 16
plugin-polylang ; 14
plugin-posts-to-posts ; 26
plugin-qtranslate ; 62
plugin-random-redirect ; 4
plugin-recommendation ; 433
plugin-redirection ; 22
plugin-repository ; 18
plugin-search-engine ; 11
plugin-shopp ; 9
plugin-simple-fields ; 10
plugin-stats ; 6
plugin-syntaxhighlighter ; 17
plugin-tinymce ; 39
plugin-tpc-memory-usage ; 3
plugin-types ; 14
plugin-user-role-editor ; 4
plugin-w3-total-cache ; 148
plugin-wp-e-commerce ; 93
plugin-wp-mobile-detect ; 1
plugin-wp-pagenavi ; 37
plugin-wp-postratings ; 10
plugin-wp-seo-yoast ; 73
plugin-wp-supercache ; 31
plugin-wpml ; 75
plugin-wptouch ; 10
plugins ; 5172
plugins-url ; 25
plupload ; 17
po ; 20
podcasting ; 13
pods-framework ; 22
poll ; 7
popular-posts ; 23
post-class ; 59
post-content ; 52
post-duplication ; 23
post-editor ; 99
post-formats ; 140
post-installation ; 11
post-meta ; 738
post-status ; 108
post-thumbnails ; 841
post-type ; 94
post-type-support ; 8
posting ; 18
posts ; 3064
posts-where ; 25
pre ; 6
pre-get-posts ; 213
pre-sale ; 5
premium ; 11
prepare-statement ; 26
previews ; 47
previous ; 26
previous-post-link ; 85
privacy ; 21
private ; 68
privileges ; 24
production ; 20
profiles ; 216
profiling ; 9
proxy ; 11
publish ; 149
query ; 956
query-posts ; 866
query-string ; 49
query-variable ; 25
quick-edit ; 45
quicktag ; 15
radio ; 10
rating ; 40
read-more ; 88
readme ; 7
recent-posts ; 77
recursive ; 4
redirect ; 752
references ; 13
regex ; 65
register ; 83
register-sidebar ; 76
register-taxonomy ; 19
registered ; 9
registration ; 248
rel-canonical ; 1
release-process ; 4
remote ; 18
remote-login ; 8
removal ; 15
replace ; 46
reporting ; 5
repository ; 23
request-filter ; 8
reset ; 31
responsive ; 101
restful ; 17
retina ; 5
review ; 17
revisions ; 53
rewrite-rules ; 433
rewrite-tag ; 27
robots.txt ; 25
rounded-corners ; 2
routing ; 30
row-actions ; 8
rss ; 362
s2member ; 17
sandbox ; 3
sanitization ; 91
sass ; 3
save ; 55
save-post ; 169
scale ; 16
scheduled-posts ; 53
screen-columns ; 12
screen-layout ; 14
screen-options ; 33
scripts ; 90
search ; 876
search-engines ; 25
security ; 399
select ; 91
semiologic ; 2
seo ; 193
server ; 154
server-load ; 50
services ; 3
session ; 86
set-post-thumbnail-size ; 30
settings ; 226
settings-api ; 198
setup ; 33
shared-hosting ; 27
shared-user-tables ; 9
sharing ; 20
shortcode ; 1156
shortlink ; 14
showcase ; 8
sidebar ; 536
signup ; 28
simplepie ; 16
single ; 221
single-sign-on ; 21
site-url ; 90
sitemap ; 27
slideshow ; 74
slug ; 318
sms ; 5
smtp ; 10
soap ; 5
social-connect ; 6
social-sharing ; 44
sort ; 305
spam ; 91
split ; 16
sql ; 313
ssh ; 5
ssl ; 118
stackoverflow ; 11
staging ; 27
static ; 70
static-website ; 31
statistics ; 9
stats ; 34
status ; 32
sticky-post ; 111
store-locator ; 5
styles ; 82
stylesheet ; 165
sub-menu ; 181
subdomains ; 176
subscription ; 48
support ; 18
survey ; 3
svg ; 3
svn ; 48
switch ; 16
switch-theme ; 14
switch-to-blog ; 21
symlink ; 1
sync ; 22
syntax-highlighting ; 36
table ; 92
tabs ; 57
tags ; 688
tax-query ; 76
taxonomy ; 943
taxonomy-meta ; 5
teaser ; 3
template-hierarchy ; 87
template-include ; 17
template-redirect ; 41
template-tags ; 74
templates ; 1014
terms ; 466
testing ; 51
text ; 76
textdomain ; 23
the-content ; 266
the-events-calendar ; 15
the-excerpt ; 129
the-tags ; 10
the-taxonomies ; 15
theme-customizer ; 187
theme-development ; 2081
theme-headway ; 2
theme-options ; 327
theme-p2 ; 8
theme-recommendation ; 15
theme-review ; 7
theme-roots ; 26
theme-starkers ; 2
theme-thesis ; 16
theme-twenty-eleven ; 106
theme-twenty-fifteen ; 9
theme-twenty-fourteen ; 38
theme-twenty-ten ; 55
theme-twenty-thirteen ; 32
theme-twenty-twelve ; 57
themes ; 1413
theory ; 3
thickbox ; 55
third-party-applications ; 19
threading ; 12
thumbnails ; 210
timestamp ; 54
timezones ; 17
timthumb ; 32
tinymce ; 451
title ; 333
tooltip ; 14
transfer ; 25
transient ; 78
translation ; 220
trash ; 38
troubleshooting ; 43
tumblr ; 18
twitter ; 89
twitter-bootstrap ; 104
type ; 67
ui ; 26
underscore ; 2
uninstallation ; 31
unit-tests ; 38
untagged ; 38
update-option ; 40
update-post-meta ; 119
updates ; 287
upgrade ; 168
upload-dir ; 70
uploads ; 993
url-rewriting ; 1035
urls ; 698
user-access ; 180
user-interface ; 17
user-meta ; 361
user-register ; 13
user-registration ; 206
user-roles ; 562
username ; 49
users ; 881
vagrant ; 4
validation ; 126
variables ; 175
varnish ; 12
verification ; 6
version-control ; 43
video-player ; 40
videos ; 113
views ; 50
vimeo ; 12
virtual-hosts ; 19
virus ; 8
visual-editor ; 177
voting-plugin ; 8
vps ; 24
walker ; 190
warnings ; 41
web-services ; 19
webmaster ; 9
white-screen-of-death ; 38
widget-text ; 35
widgets ; 1235
wiki ; 11
windows ; 18
windows-live-writer ; 8
woocommerce ; 221
wordpress-version ; 131
wordpress.com ; 91
wordpress.org ; 38
workflow ; 23
wp-admin ; 997
wp-api ; 6
wp-autop ; 54
wp-blog-header.php ; 24
wp-cli ; 26
wp-config ; 164
wp-create-user ; 14
wp-cron ; 152
wp-debug ; 34
wp-dependencies ; 10
wp-editor ; 173
wp-enqueue-script ; 454
wp-enqueue-style ; 177
wp-error ; 13
wp-filesystem ; 35
wp-get-archives ; 41
wp-get-attachment-image ; 116
wp-get-object-terms ; 19
wp-get-theme ; 4
wp-handle-upload ; 43
wp-head ; 104
wp-insert-post ; 226
wp-insert-term ; 24
wp-kses ; 19
wp-link-pages ; 38
wp-list-categories ; 127
wp-list-comments ; 46
wp-list-pages ; 151
wp-list-table ; 79
wp-load.php ; 58
wp-localize-script ; 52
wp-login-form ; 136
wp-mail ; 128
wp-options ; 82
wp-parse-args ; 12
wp-query ; 2413
wp-redirect ; 136
wp-register-script ; 72
wp-register-style ; 30
wp-remote-get ; 26
wp-remote-post ; 9
wp-remote-request ; 11
wp-reset-postdata ; 14
wp-reset-query ; 12
wp-set-object-terms ; 31
wp-settings.php ; 12
wp-signup ; 13
wp-title ; 36
wp-update-post ; 69
wp-user-query ; 51
wpalchemy ; 32
wpdb ; 578
wpse-plugin ; 10
writing ; 8
wysiwyg ; 103
xampp ; 28
xgettext ; 5
xml ; 100
xml-rpc ; 86
youtube ; 85
ziparchive ; 9
