Tag; Frequency 
.htaccess ; 1707
.htpasswd ; 34
.net ; 335
.net-3.5 ; 34
.net-4.0 ; 66
.net-4.5 ; 4
10gbethernet ; 77
10gige ; 15
1and1 ; 23
301-redirect ; 221
32-bit ; 62
32bit-64bit ; 114
389-ds ; 35
3com ; 37
3g ; 40
3ware ; 79
400 ; 17
500 ; 19
500-error ; 134
502 ; 13
502-error ; 29
503-error ; 58
504 ; 17
64-bit ; 332
6rd ; 2
802.1 ; 117
9p ; 7
a-record ; 152
aaa ; 14
ab ; 39
abuse ; 19
access-control-list ; 433
access-point ; 124
accessibility ; 5
accounting ; 34
accounts ; 104
ace ; 7
acpi ; 18
acronis ; 32
act ; 3
activation ; 52
active-directory ; 5684
activemq ; 27
activesync ; 105
activex ; 17
ad-certificate-services ; 117
ad-lds ; 47
adam ; 23
adaptec ; 48
adapter ; 39
address ; 46
adfs ; 128
adhoc-network ; 15
administrator ; 196
admt ; 12
ado ; 3
adobe ; 36
adobe-acrobat ; 11
adobe-air ; 4
adobe-reader ; 18
adsi ; 1
adsl ; 92
advanced-format ; 15
advantage-database-server ; 3
affinity ; 14
afp ; 63
agent ; 24
aide ; 5
aix ; 214
ajax ; 44
ajp ; 50
akismet ; 1
alcatel-lucent ; 4
alert ; 15
alerting ; 21
alerts ; 97
alfresco ; 42
alias ; 220
aliases ; 25
alignment ; 9
alternative-php-cache ; 124
alwayson ; 7
amanda ; 23
amavis ; 94
amazon-ami ; 180
amazon-beanstalk ; 15
amazon-cloudformation ; 65
amazon-cloudfront ; 90
amazon-cloudwatch ; 34
amazon-dynamodb ; 7
amazon-ebs ; 324
amazon-ec2 ; 3803
amazon-elastic-ip ; 72
amazon-elasticache ; 11
amazon-elb ; 196
amazon-glacier ; 16
amazon-iam ; 47
amazon-instance-store ; 13
amazon-linux ; 24
amazon-rds ; 193
amazon-route53 ; 163
amazon-s3 ; 460
amazon-ses ; 58
amazon-vpc ; 193
amazon-web-services ; 2255
amd-v ; 5
amqp ; 3
amt ; 13
anaconda ; 21
analog ; 8
analysis ; 51
analytics ; 36
android ; 111
annoyance ; 5
anonymity ; 6
anonymized ; 4
anonymous ; 25
ansi ; 8
ansible ; 138
answer-file ; 14
ant ; 14
anti-virus ; 276
anycast ; 34
anyconnect ; 27
apache-1.x ; 47
apache-2.2 ; 15559
apache-2.4 ; 745
apache-ds ; 21
apache-mesos ; 7
apache-traffic-server ; 5
apc ; 13
apc-smart-ups ; 25
apcupsd ; 18
app-v ; 15
apparmor ; 31
appcmd ; 26
append ; 8
appfabric ; 14
apple ; 128
apple-ios ; 34
application ; 156
application-firewall ; 12
application-packaging ; 5
application-pools ; 165
application-server ; 75
applocker ; 5
apt ; 689
apt-cache ; 2
apt-mirror ; 4
aptitude ; 127
arcgis-server ; 4
arch-linux ; 126
architecture ; 114
archive ; 108
arm ; 11
arp ; 242
arp-poisoning ; 16
arptables ; 7
arr ; 94
aruba ; 5
as-number ; 8
ascii ; 16
asp ; 81
asp-classic ; 87
asp.net ; 1018
asp.net-mvc ; 191
assembly ; 6
asset-management ; 29
assp ; 5
astaro ; 4
asterisk ; 392
asterisknow ; 10
asus ; 17
at ; 25
ati ; 3
atlassian ; 26
atm ; 3
attachment ; 56
attacks ; 41
attributes ; 32
audio ; 44
audit ; 150
auditd ; 35
aufs ; 10
augeas ; 27
authentication ; 1402
authoritative ; 13
authorization ; 99
auto-reply ; 19
autocad ; 7
autodiscovery ; 42
autofs ; 72
autoincrement ; 9
autoit ; 7
autoloader ; 8
automated ; 15
automated-install ; 111
automated-testing ; 25
automatic-updates ; 56
automation ; 381
automount ; 79
autoproxy ; 2
autorun ; 11
autoscaling ; 76
autosys ; 4
autoyast ; 3
avahi ; 38
availability ; 20
avaya ; 16
avg ; 1
awe ; 12
awk ; 108
aws-cli ; 28
awstats ; 95
axis ; 6
azure ; 618
backend ; 14
background ; 21
background-process ; 56
backup ; 2997
backup-restoration ; 242
backupexec ; 191
backuppc ; 28
bacula ; 97
bad-blocks ; 35
bad-request ; 8
bandwidth ; 536
bandwidth-control ; 97
bandwidth-measuring ; 38
banner ; 11
bare-metal ; 19
barnyard2 ; 5
barracuda ; 35
bash ; 2109
bashrc ; 70
bastion ; 3
batch ; 192
batch-conversion ; 2
batch-file ; 317
batch-processing ; 31
battery ; 35
bazaar ; 13
bbu ; 8
bbwc ; 2
bcdedit ; 11
bcp ; 9
bcrypt ; 3
beaker ; 1
benchmark ; 217
berkeleydb ; 10
berkshelf ; 3
bes ; 79
best-practices ; 247
bgp ; 103
big-data ; 5
bin ; 4
binary ; 35
binary-log ; 4
bind ; 1249
bindings ; 44
bios ; 162
bird ; 5
bitlocker ; 46
bitnami ; 11
bits ; 15
bittorrent ; 35
biztalk ; 31
biztalk-2009 ; 9
blackberry ; 99
blackhole ; 11
blacklist ; 127
blacklist-prevention ; 17
blade-chassis ; 8
blade-server ; 94
bladecenter ; 44
block ; 88
block-device ; 28
block-level ; 3
blocking ; 103
bluecoat ; 2
bluetooth ; 18
bmc ; 13
bogofilter ; 2
bonding ; 193
bonjour ; 42
boost ; 10
boot ; 693
boot-loader ; 42
bootcamp ; 12
bootp ; 12
bosun ; 1
botnet ; 28
bottleneck ; 38
bourne-shell ; 11
bpos ; 10
branchcache ; 2
bridge ; 481
bridge-router ; 15
broadcom ; 40
brocade ; 27
brute-force-attacks ; 114
bsd ; 85
bsod ; 88
btrfs ; 73
buffalo ; 11
buffer ; 31
bug ; 15
bugzilla ; 97
build-server ; 39
bulk ; 12
bulk-action ; 12
bundler ; 15
bus ; 6
business-continuity ; 13
businessobjects ; 3
busybox ; 28
byobu ; 6
bypass ; 11
cable ; 167
cable-management ; 45
cache ; 985
cacti ; 133
cakephp ; 43
cal ; 19
caldav ; 13
calendar ; 115
call-manager ; 7
cals ; 10
capacity ; 28
capacity-planning ; 63
capistrano ; 77
captive-portal ; 38
carp ; 18
cart ; 4
cas ; 27
case-insensitive ; 9
case-sensitive ; 10
cassandra ; 130
cat ; 19
cat5 ; 28
cat5e ; 31
cat6 ; 26
category ; 6
cdh4 ; 5
cdn ; 164
cdp ; 12
celerra ; 10
celery ; 11
cellular ; 18
centos ; 6804
centos5 ; 757
centos6 ; 1075
centos6.2 ; 67
centos6.4 ; 97
centos6.5 ; 131
centos6.6 ; 7
centos7 ; 174
central-processing-unit ; 626
centralization ; 17
centreon ; 14
ceph ; 20
certificate ; 709
certificate-authority ; 312
certutil ; 1
cfengine ; 34
cgi ; 214
cgi-bin ; 13
cgroup ; 37
chaining ; 6
channel ; 6
characterset ; 23
charset ; 31
chattr ; 2
check-mk ; 21
check-snmp ; 8
checkdb ; 9
checkinstall ; 4
checklist ; 13
checkpoint ; 48
checksum ; 43
chef ; 453
chef-solo ; 73
chef-zero ; 1
cherokee ; 47
cherrypy ; 15
chgrp ; 17
china ; 19
chipset ; 6
chkconfig ; 35
chkdsk ; 28
chmod ; 193
chown ; 102
chrome ; 28
chrony ; 3
chroot ; 243
chroot-jail ; 56
chunked ; 16
cidr ; 31
cifs ; 240
cinder ; 4
cirros ; 1
cisco ; 2040
cisco-ace ; 5
cisco-asa ; 632
cisco-catalyst ; 75
cisco-nexus ; 11
cisco-pix ; 83
cisco-ucs ; 8
cisco-vpn ; 172
citadel ; 6
citrix ; 297
clamav ; 66
clariion ; 17
classpath ; 12
cleanup ; 49
clearcase ; 11
clearos ; 22
clickonce ; 14
client-server ; 14
clients ; 10
clipboard ; 17
clipboard-sharing ; 6
clock-synchronization ; 24
clone ; 111
clonezilla ; 56
cloning ; 48
cloud ; 466
cloud-computing ; 261
cloud-hosting ; 121
cloud-init ; 22
cloud-storage ; 64
cloudera ; 13
cloudera-manager ; 5
cloudflare ; 95
cloudify ; 3
cloudstack ; 23
cluster ; 930
cluster-aware-updating ; 3
cluster-shared-volumes ; 8
clustercheck ; 2
cman ; 6
cmdb ; 4
cms ; 58
cname-record ; 397
cobbler ; 41
codecs ; 6
codeigniter ; 49
cognos ; 7
coldfusion ; 183
collabnet ; 10
collectd ; 40
collision ; 11
colocation ; 91
color ; 36
com ; 25
com+ ; 19
command ; 124
command-line-interface ; 1282
commvault ; 3
compact-flash ; 4
compression ; 327
concurrency ; 36
conditional ; 20
condor ; 3
conf ; 17
configuration ; 1877
configuration-management ; 244
confluence ; 27
connection ; 479
connection-pool ; 6
connection-refused ; 10
connection-sharing ; 9
connection-strings ; 11
connections ; 63
connector ; 18
connlimit ; 7
conntrack ; 26
console ; 197
console-server ; 7
consolidation ; 18
contacts ; 35
containers ; 47
content ; 5
content-filter ; 45
content-management ; 19
content-negotiation ; 5
context-menu ; 5
context-switch ; 10
continuous-integration ; 58
controller ; 62
conversion ; 29
convert ; 52
cookbook ; 16
cookie ; 25
cookieless ; 13
cookies ; 71
coovachilli ; 6
copssh ; 12
copy ; 180
copying ; 55
coreos ; 61
coreutils ; 9
corosync ; 63
corruption ; 156
cors ; 13
cost-savings ; 11
couchbase ; 15
couchdb ; 66
count ; 16
country ; 12
courier ; 79
courier-imap ; 30
cp ; 44
cpan ; 41
cpio ; 10
cpu-architecture ; 23
cpu-usage ; 359
cq5 ; 2
cracklib ; 4
create ; 16
credentials ; 89
credssp ; 5
crl ; 38
crm ; 48
cron ; 1228
cron.daily ; 19
cronolog ; 7
cross-domain ; 41
cross-platform ; 21
crossover ; 6
crowd ; 8
crucible ; 7
cruisecontrol ; 12
cryptography ; 39
crystalreports ; 13
cscript ; 4
csf ; 84
csr ; 40
css ; 44
csv ; 41
csync2 ; 2
cuda ; 14
cups ; 95
curl ; 276
curses ; 7
custom ; 33
custom-errors ; 40
customization ; 25
cvs ; 29
cygwin ; 205
cygwin-sshd ; 33
cyrus ; 67
d-link ; 34
daemon ; 196
daemontools ; 36
dag ; 28
dansguardian ; 22
dante ; 16
data-consistency ; 8
data-extraction ; 4
data-integrity ; 30
data-loss ; 26
data-protection ; 16
data-pump ; 3
data-recovery ; 242
data-warehouse ; 4
database ; 1223
database-administration ; 239
database-backup ; 173
database-connection ; 18
database-mirroring ; 88
database-performance ; 137
database-replication ; 63
database-restore ; 60
datacenter ; 243
datastax-enterprise ; 8
datastore ; 53
date ; 82
date-modified ; 7
davfs2 ; 7
daylight-saving ; 12
db2 ; 78
dban ; 5
dbcc ; 9
dbi ; 6
dbus ; 12
dcom ; 30
dd ; 117
ddclient ; 4
ddns ; 43
ddos ; 370
deadlock ; 18
deb ; 31
debconf ; 8
debian ; 4285
debian-etch ; 32
debian-lenny ; 204
debian-squeeze ; 457
debian-wheezy ; 310
debootstrap ; 3
debug ; 40
debugging ; 140
dedicated-server ; 308
deduplication ; 45
deep-packet-inspection ; 6
default-document ; 14
defaults ; 34
definition ; 13
deflate ; 25
defrag ; 37
defragmentation ; 16
degraded ; 16
dekiwiki ; 3
delegation ; 87
deleting ; 19
dell ; 601
dell-equallogic ; 53
dell-openmanage ; 65
dell-perc ; 163
dell-powerconnect ; 89
dell-poweredge ; 536
dell-powervault ; 39
delphi ; 7
denial-of-service ; 103
deny ; 47
denyhosts ; 31
dependencies ; 136
deployment ; 863
deploystudio ; 3
design ; 29
desktop ; 182
desktop-management ; 15
dev ; 11
development ; 31
device ; 51
devices ; 10
df ; 41
dfs ; 238
dfs-r ; 135
dhclient ; 43
dhcp ; 1278
dhcp-option ; 23
dhcp-server ; 228
dhcpd ; 29
dhcpv6 ; 3
diagnostic ; 63
dial ; 4
dialog ; 10
dialup ; 24
diff ; 81
dig ; 106
digest ; 12
digital-signatures ; 19
direct ; 6
direct-access ; 36
direct-attached-storage ; 26
directory ; 508
directory-listing ; 18
directory-services ; 12
directoryindex ; 36
disaster ; 10
disaster-recovery ; 268
discovery ; 20
disk-cache ; 33
disk-encryption ; 68
disk-image ; 153
disk-space-utilization ; 366
disk-volume ; 61
diskmanagement ; 117
diskpart ; 31
dism ; 16
display ; 35
distributed-computing ; 27
distributed-filesystems ; 78
distribution ; 35
distribution-lists ; 46
distro ; 17
django ; 614
djbdns ; 12
dkim ; 205
dll ; 58
dlt ; 3
dmarc ; 11
dmcrypt ; 10
dmesg ; 25
dmidecode ; 7
dmraid ; 14
dmz ; 149
dnat ; 32
dns-firewall ; 3
dns-hosting ; 209
dns-lookup ; 12
dns-server ; 67
dns-zone ; 118
dnsmasq ; 141
dnssec ; 75
dock ; 3
docker ; 257
docker-registry ; 1
docsis ; 1
document-library ; 3
document-management ; 40
documentation ; 97
documentroot ; 61
documents ; 8
dom0 ; 10
domain ; 1744
domain-controller ; 885
domain-name ; 323
domain-name-system ; 7117
domain-parking ; 10
domain-registrar ; 77
domain-registration ; 82
domain-transferring ; 19
domainkeys ; 37
domains ; 52
domu ; 21
dotdeb ; 13
dotfiles ; 9
dotnet-framework ; 21
dotnetnuke ; 11
doubletake ; 3
dovecot ; 660
downgrade ; 31
doxygen ; 2
dpi ; 7
dpkg ; 108
drac ; 101
dracut ; 3
draytek ; 32
drbd ; 150
drbl ; 7
dreamhost ; 50
drive ; 56
drive-failure ; 53
drive-letters ; 8
drivers ; 316
drobo ; 23
dropbear ; 5
dropbox ; 66
dropped ; 19
drupal ; 219
drupal-6 ; 15
drupal7 ; 21
dsa ; 10
dsc ; 22
dsl ; 34
dsn ; 29
dso ; 6
dspam ; 15
dsquery ; 15
dtrace ; 18
du ; 41
dual ; 16
dump ; 98
duplicate-ip ; 3
duplicity ; 51
duply ; 5
durability ; 3
dynamic ; 69
dynamic-disk ; 13
dynamic-dns ; 74
dynamic-ip ; 59
dynamic-routing ; 5
dynamic-vlan-assignment ; 12
dynamips ; 5
dyndns ; 90
eap ; 15
easy-install ; 14
easyapache ; 22
ecc ; 42
echo ; 21
echoserver ; 3
eclipse ; 40
ecm ; 4
ecryptfs ; 15
edb ; 10
edirectory ; 18
editor ; 18
eicar-test-string ; 2
eigrp ; 13
ejabberd ; 65
elastic-beanstalk ; 65
elastic-search ; 96
elastix ; 13
electrical-power ; 335
elk ; 1
emacs ; 14
email ; 4400
email-bounces ; 216
email-server ; 1586
embedded ; 55
embedded-linux ; 20
emc ; 88
emc-vnx ; 7
emc-vnxe ; 6
emulation ; 21
emulator ; 5
emulex ; 5
encoding ; 105
encrypting-file-system ; 51
encryption ; 480
endian ; 8
endpoint ; 16
entropy-pool ; 16
env ; 18
environment-variables ; 223
epel ; 35
epoch-time ; 2
erlang ; 27
erp ; 9
error-code ; 9
error-handling ; 12
errordocument ; 48
errors ; 19
esata ; 21
escape ; 3
escaping ; 20
essentials-2012 ; 39
essentials-2012-r2 ; 12
etags ; 13
etc ; 16
etckeeper ; 16
eth0 ; 41
etherchannel ; 11
ethernet ; 459
ethtool ; 32
eucalyptus ; 37
evaluation ; 14
event-scheduler ; 4
eventcreate ; 3
eventviewer ; 111
evolution ; 8
exchange ; 2153
exchange-2003 ; 792
exchange-2007 ; 866
exchange-2010 ; 1682
exchange-2013 ; 248
exchange-migration ; 78
exclude ; 30
exec ; 28
executable ; 44
execution ; 17
execve ; 1
exfat ; 2
exim ; 617
exiqgrep ; 2
expansion ; 17
expect ; 44
expired ; 9
explain ; 9
exploit ; 50
explorer ; 21
export ; 120
ext2 ; 21
ext3 ; 262
ext4 ; 269
extension ; 34
external-connection ; 11
external-ip ; 22
extract ; 16
f5-big-ip ; 68
fabric ; 33
facter ; 20
fail2ban ; 203
failed ; 45
failover ; 539
failovercluster ; 195
failsafe ; 7
fakeraid ; 17
fan ; 27
farm ; 8
farmwardeployer ; 4
fastcgi ; 512
fat32 ; 24
fault-tolerance ; 56
favicon ; 8
favorites ; 4
fax ; 56
fba ; 7
fcgi ; 40
fcoe ; 3
fcrdns ; 2
fdisk ; 68
federated ; 17
fedora ; 792
fedora-20 ; 29
fedora-21 ; 6
feedback ; 4
fencing ; 4
ffmpeg ; 73
fhs ; 14
fiber ; 134
fibre-channel ; 132
file-associations ; 7
file-descriptors ; 9
file-hosting ; 3
file-permissions ; 552
file-replication-services ; 24
file-server ; 170
file-sharing ; 479
file-transfer ; 224
filemaker ; 12
filenames ; 16
filer ; 3
files ; 539
filestream ; 19
filesystems ; 1274
filter ; 96
filtering ; 78
find ; 220
finder ; 9
findstr ; 5
fingerprint ; 10
fingerprint-reader ; 4
fips-140-2 ; 12
firebird ; 16
firebox ; 11
firefox ; 168
firewall ; 2488
firewalld ; 40
firewire ; 7
firmware ; 80
fisheye ; 7
flags ; 15
flash ; 79
flash-drive ; 4
flash-media-server ; 24
flashcache ; 8
flask ; 14
flex-builder-3 ; 2
flooding ; 41
floppy ; 12
fluentd ; 7
fog ; 1
folder-redirection ; 136
font ; 20
fonts ; 13
fopen ; 8
forbidden ; 31
foreign-key ; 7
foreman ; 49
forensic-analysis ; 4
forensics ; 22
fork ; 15
format ; 28
formatting ; 49
fortigate ; 46
fortinet ; 53
forwarding ; 335
foswiki ; 4
foundry ; 4
fqdn ; 74
fragmentation ; 35
framework ; 12
freebsd ; 1075
freeipa ; 38
freenas ; 216
freenx ; 17
freepbx ; 62
freeradius ; 96
freeradius2 ; 31
freesshd ; 10
freeswitch ; 34
freetds ; 20
freeware ; 2
frequency ; 10
fsck ; 150
fstab ; 119
ftp ; 1976
ftpes ; 7
ftps ; 67
full-text-catalog ; 6
full-text-search ; 47
fuse ; 56
fusionio ; 5
fwbuilder ; 6
g++ ; 7
g-wan ; 9
gac ; 4
galera ; 23
gameserver ; 24
ganeti ; 15
ganglia ; 48
garbage-collecting ; 12
gateway ; 338
gcc ; 51
gconf ; 5
gd ; 28
gdb ; 17
gdmgreeting ; 3
gearman ; 16
gem ; 37
general ; 8
genpdf ; 2
gentoo ; 194
geodns ; 10
geoip ; 38
geolocation ; 57
geronimo ; 1
gerrit ; 13
getaddrinfo ; 6
gettext ; 4
gfs ; 16
gfs2 ; 20
ghc ; 3
ghettovcb ; 5
ghost ; 68
ghostscript ; 9
gigabit ; 28
gigabit-ethernet ; 101
gina ; 6
git ; 791
github ; 93
gitlab ; 92
gitolite ; 72
glassfish ; 167
glib ; 8
glibc ; 44
global ; 7
glue-record ; 33
gluster ; 4
glusterfs ; 157
glusterfs-3.5 ; 4
gmail ; 350
gmetad ; 6
gmond ; 4
gnome ; 97
gns3 ; 12
gnu ; 30
gnu-screen ; 37
gnuplot ; 2
gnutls ; 20
god ; 7
godaddy ; 274
google ; 215
google-analytics ; 36
google-app-engine ; 49
google-apps ; 378
google-authenticator ; 15
google-chrome ; 117
google-cloud-platform ; 60
google-cloud-sql ; 1
google-cloud-storage ; 2
google-compute-engine ; 30
google-drive ; 2
google-kubernetes ; 1
google-public-dns ; 7
google-search-appliance ; 7
google-site-verification ; 1
google-wave ; 6
google-webmaster-tools ; 12
googlebot ; 15
gparted ; 36
gpg ; 83
gprs ; 8
gps ; 5
gpt ; 54
graph ; 92
graphical-user-interface ; 109
graphics ; 26
graphics-processing-unit ; 36
graphite ; 51
graylog2 ; 23
gre ; 54
grep ; 210
greylisting ; 17
grid ; 22
gridengine ; 58
grok ; 1
group-policy ; 1742
groups ; 339
groupwise ; 11
grsec ; 7
grub ; 225
grub2 ; 69
gsa ; 6
gsm ; 11
gssapi ; 19
gtk ; 7
guest ; 60
guid ; 9
gunicorn ; 72
gwt ; 5
gzip ; 225
h.264 ; 4
h700 ; 14
hacking ; 348
hadoop ; 162
hal ; 4
halt ; 7
hamachi ; 28
handle-leak ; 6
handler-mappings ; 14
hanging ; 16
hangs ; 30
haproxy ; 793
haraka ; 1
hard-drive ; 1662
hardening ; 41
hardlink ; 44
hardware ; 1279
hardware-acceleration ; 5
hardware-raid ; 360
hash ; 61
haskell ; 6
hba ; 39
hbase ; 22
hdfs ; 35
hdmi ; 2
hdparm ; 24
header ; 55
headers ; 79
headless ; 60
health ; 17
healthcheck ; 20
heapspace ; 8
heartbeat ; 124
heartbeat1 ; 11
heartbeat3 ; 4
heartbleed ; 63
heimdal ; 7
helpdesk ; 19
heredoc ; 2
heroku ; 127
hetzner ; 15
hexidecimal ; 9
hfs+ ; 17
hhvm ; 2
hibernate ; 32
hibernation ; 8
hidden ; 5
hiera ; 35
hierarchy ; 9
high-availability ; 570
high-load ; 126
high-volume ; 17
hijack ; 14
hipaa ; 6
history ; 55
home ; 36
home-directory ; 82
home-drive ; 4
homepage ; 8
honeypot ; 16
hook ; 35
horde ; 18
host ; 147
host-headers ; 7
hostapd ; 8
hosted ; 15
hosted-exchange ; 35
hostheaders ; 24
hosting ; 1034
hostkey ; 7
hostname ; 377
hosts ; 178
hosts-file ; 120
hosts.allow ; 8
hosts.deny ; 11
hotlinking ; 32
hotswap ; 54
hp ; 1001
hp-modular-smart-array ; 16
hp-procurve ; 109
hp-proliant ; 686
hp-server-automation ; 8
hp-smart-array ; 290
hp-storageworks ; 13
hp-ux ; 61
hpc ; 62
hpoo ; 2
hs22 ; 3
hsrp ; 15
htb ; 20
html ; 125
html5 ; 25
htop ; 23
htpasswd ; 42
http ; 1253
http-authentication ; 45
http-basic-authentication ; 146
http-cookie ; 9
http-error-401.2 ; 9
http-headers ; 239
http-proxy ; 75
http-server ; 13
http-status-code ; 36
http-status-code-403 ; 146
http-status-code-404 ; 241
http-status-code-408 ; 3
http-streaming ; 7
httpd ; 824
httpd.conf ; 388
httperf ; 6
httphandler ; 5
httpmodule ; 8
https ; 1067
httpverbs ; 5
hub ; 7
hudson ; 93
hyper-v ; 1389
hyper-v-2012 ; 5
hyper-v-server-2008-r2 ; 257
hyper-v-server-2012 ; 164
hyper-v-server-2012-r2 ; 57
hyperic ; 14
hyperichq ; 3
hyperthreading ; 36
hypervisor ; 77
i18n ; 6
i386 ; 8
ibm ; 304
ibm-midrange ; 60
ibm-xseries ; 67
icacls ; 21
ical ; 16
icecast ; 4
icinga ; 77
icmp ; 120
icmpv6 ; 11
icons ; 8
ide ; 14
identity-management ; 25
idn ; 10
ids ; 42
ifconfig ; 123
igmp ; 23
ignore ; 10
ihs ; 10
iis ; 3636
iis-6 ; 975
iis-7 ; 2040
iis-7.5 ; 1127
iis-8 ; 218
iis-8.5 ; 34
iis-express ; 13
illumos ; 18
ilo ; 105
image ; 158
imagemagick ; 76
images ; 56
imagex ; 17
imagick ; 11
imaging ; 99
imap ; 382
imapsync ; 17
imp ; 2
impersonation ; 24
import ; 87
incremental-backup ; 101
incrond ; 9
incrontab ; 13
index ; 73
indexes ; 31
indexing ; 77
indexing-service ; 16
inetd ; 18
infiniband ; 51
infopath ; 8
informix ; 19
infrastructure ; 109
init ; 94
init.d ; 215
initiator ; 9
initramfs ; 32
inittab ; 16
innodb ; 297
innodb-barracuda ; 3
inode ; 64
inotify ; 39
installation ; 1220
instance ; 32
instances ; 12
instant-messaging ; 49
integrated-authentication ; 27
integrity ; 7
intel ; 190
intel-vt-x ; 18
interface ; 196
interference ; 13
interix ; 3
intermittent ; 12
internal-dns ; 309
internet ; 554
internet-explorer ; 366
internet-explorer-10 ; 10
internet-explorer-7 ; 12
internet-explorer-8 ; 78
internet-explorer-9 ; 26
interrupt ; 4
interrupts ; 36
intranet ; 110
intrusion-detection ; 39
intrusion-prevention ; 8
io ; 244
iometer ; 7
ioncube ; 12
ionice ; 21
iops ; 55
ios ; 232
iostat ; 54
iowait ; 45
iozone ; 6
ip ; 1713
ip-address ; 362
ip-aliasing ; 25
ip-banning ; 8
ip-blocking ; 68
ip-forwarding ; 49
ip-fragmentation ; 11
ip-routing ; 117
ip6tables ; 2
ipad ; 49
ipam ; 11
ipc ; 10
ipconfig ; 13
ipcop ; 27
iperf ; 50
ipfilter ; 1
ipfw ; 51
iphone ; 142
ipmi ; 166
ipmitool ; 40
iproute ; 16
iproute2 ; 90
ips ; 25
ipsec ; 523
iptables ; 3342
ipv4 ; 191
ipv6 ; 783
irc ; 54
ironport ; 7
irq ; 26
isa-server ; 157
isakmp ; 9
isapi ; 44
isapi-filters ; 6
isapi-rewrite ; 12
isc-dhcp ; 102
iscsi ; 547
isilon ; 7
isl ; 3
iso ; 77
isolated-network ; 14
isp ; 207
ispconfig-3 ; 67
itanium ; 12
itunes ; 7
iusr ; 13
jail ; 64
java ; 1274
javascript ; 104
jboss ; 295
jdbc ; 71
jenkins ; 201
jetty ; 133
jfs ; 10
jira ; 61
jitter ; 7
jmeter ; 35
jms ; 5
jmx ; 45
job-control ; 15
job-scheduler ; 11
joomla ; 116
journal ; 8
journald ; 2
journalling ; 4
joyent ; 11
jquery ; 18
jrun ; 17
json ; 27
jsp ; 41
jumboframes ; 38
jumpstart ; 7
junction ; 7
junction-points ; 7
jungledisk ; 11
juniper ; 186
junos ; 43
kace ; 1
kde ; 19
kdump ; 6
keep-alive ; 20
keepalive ; 82
keepalived ; 91
kerberos ; 572
kerio ; 17
kernel ; 532
kernel-modules ; 52
kernel-panic ; 76
key-bindings ; 5
keyboard ; 67
keyboard-layout ; 10
keyboard-shortcuts ; 11
keyboard-video-mouse ; 70
keychain ; 13
keys ; 115
keystore ; 19
keytab ; 9
keytool ; 26
kibana ; 19
kickstart ; 164
kill ; 103
kill-process ; 17
kinit ; 7
kits ; 2
kjournald ; 5
kloxo ; 19
kmemsize ; 5
kms ; 34
knife ; 60
knoppix ; 6
knowledge-base ; 11
known-hosts ; 21
kohana ; 8
kpartx ; 7
ksh ; 52
kubuntu ; 14
kvm-virtualization ; 1185
l2tp ; 105
labeler ; 6
laconica ; 3
lacp ; 51
lag ; 33
lamp ; 520
landesk ; 5
landscape ; 5
language ; 30
language-packs ; 4
languages ; 3
laptop ; 92
large-data ; 16
last ; 10
last-modified ; 13
latency ; 213
launchctl ; 16
launchd ; 36
ldap ; 1552
ldif ; 23
ldirectord ; 13
leapsecond ; 4
lefthand ; 25
legacy ; 34
less ; 18
lfd ; 13
libboost ; 5
libc6 ; 11
libraries ; 51
library ; 35
libreoffice ; 1
libvirt ; 258
licensing ; 498
lifecycle ; 16
liferay ; 18
lighttpd ; 499
lightweight ; 16
likewise-open ; 33
limitations ; 30
limits ; 44
link-layer ; 15
link-local ; 13
linked-server ; 44
linksys ; 75
linode ; 187
linux ; 24734
linux-ha ; 20
linux-kernel ; 233
linux-networking ; 889
linux-vserver ; 19
linuxmint ; 30
lion ; 23
listener ; 12
litespeed ; 25
live-cd ; 36
live-migration ; 30
livebox ; 5
lldp ; 4
load-average ; 49
load-balance ; 14
load-balancing ; 1444
load-testing ; 99
loading ; 10
local ; 100
local-area-network ; 508
local-system ; 28
localhost ; 366
localization ; 83
lockdown ; 10
locking ; 28
log-files ; 748
log-rotation ; 16
log-shipping ; 29
log4j ; 10
logging ; 1823
login ; 642
login-script ; 36
loglevel ; 5
logman ; 8
logoff ; 16
logoff-scripts ; 6
logon-scripts ; 51
logparser ; 36
logrotate ; 228
logserver ; 3
logstash ; 93
logstash-forwarder ; 4
logwatch ; 63
lom ; 8
long-polling ; 5
loop-device ; 7
loopback ; 84
loops ; 6
lost ; 10
lotus-domino ; 162
lotus-notes ; 68
low-memory ; 30
lpr ; 12
ls ; 53
lsass ; 12
lsb ; 15
lsi ; 110
lsof ; 60
lspci ; 5
lsyncd ; 6
lto ; 17
lto-3 ; 18
lto-4 ; 12
ltsp ; 15
lua ; 21
lucene ; 13
luks ; 51
lun ; 73
lustre ; 11
lvm ; 816
lvs ; 75
lxc ; 168
lync ; 102
lync-2013 ; 30
maatkit ; 9
mac ; 549
mac-address ; 171
mac-osx ; 1958
mac-osx-server ; 533
macsec ; 3
maemo ; 3
magento ; 139
mail-forwarding ; 86
mailbox ; 116
maildir ; 67
mailing-list ; 46
mailman ; 78
mailscanner ; 14
mainframe ; 11
maintenance ; 189
make ; 56
malicious ; 23
malware ; 235
mamp ; 73
man ; 16
man-in-the-middle ; 26
manage ; 9
managed-service-accounts ; 2
managed-services ; 4
manual ; 12
mappeddrive ; 116
mapping ; 64
mapreduce ; 9
mariadb ; 130
mask ; 15
masquerade ; 26
master ; 15
master-master ; 12
master-slave ; 83
matrix ; 4
maven ; 39
max-file-descriptors ; 19
max-requests ; 5
maximum ; 18
mbox ; 10
mbr ; 31
mcafee ; 25
mcollective ; 24
mcrypt ; 24
mcx ; 13
md ; 45
md5 ; 29
mdadm ; 446
mdaemon ; 19
mdm ; 8
mdns ; 24
mdraid ; 6
mds ; 5
mdt ; 51
mdt-2010 ; 47
mdt-2012 ; 35
mdt-2013 ; 7
measurement ; 22
media ; 29
media-server ; 5
mediatemple ; 57
mediawiki ; 111
megacli ; 32
megaraid ; 85
mellanox ; 6
memcache ; 97
memcached ; 323
memory ; 1430
memory-leak ; 98
memory-usage ; 364
meraki ; 4
mercurial ; 119
merge-replication ; 32
message-queuing ; 32
messages ; 26
messaging ; 22
messenger ; 3
metabase ; 17
metadata ; 16
meteor ; 11
method ; 5
metrics ; 46
mget ; 6
mib ; 38
microsoft-access ; 60
microsoft-cluster-server ; 7
microsoft-dynamics-gp ; 88
microsoft-excel ; 63
microsoft-forefront ; 60
microsoft-forefront-2010 ; 60
microsoft-ftmg ; 22
microsoft-ftmg-2010 ; 69
microsoft-intune ; 2
microsoft-office ; 155
microsoft-office-2007 ; 51
microsoft-office-2010 ; 87
microsoft-office-2013 ; 19
microsoft-office-365 ; 161
microsoft-project ; 34
microsoft-virtual-server ; 18
microsoft-web-platform ; 5
middleware ; 9
migration ; 877
mikrotik ; 89
milter ; 12
mime ; 58
mime-type ; 50
mirror ; 97
mirror-site ; 5
mirroring ; 120
mitel ; 10
mitkerberos ; 20
mixed-content ; 2
mixed-mode ; 2
mkdir ; 13
mkfs ; 16
mld ; 2
mmonit ; 2
mobile-devices ; 91
mod-alias ; 30
mod-auth ; 24
mod-auth-kerb ; 15
mod-auth-ldap ; 19
mod-auth-mysql ; 7
mod-authn-alias ; 4
mod-authz-host ; 7
mod-balancer ; 4
mod-cache ; 37
mod-cband ; 4
mod-cluster ; 5
mod-dav-svn ; 37
mod-deflate ; 62
mod-fastcgi ; 48
mod-fcgid ; 105
mod-filter ; 3
mod-jk ; 153
mod-ntlm ; 2
mod-pagespeed ; 45
mod-perl ; 51
mod-php ; 46
mod-proxy ; 450
mod-proxy-ajp ; 41
mod-proxy-fcgi ; 8
mod-python ; 33
mod-reqtimeout ; 2
mod-rewrite ; 1464
mod-rpaf ; 8
mod-security ; 146
mod-ssl ; 172
mod-userdir ; 14
mod-webdav ; 8
mod-wsgi ; 308
mode ; 5
modem ; 106
modprobe ; 16
modsecurity ; 18
modx ; 4
mogilefs ; 4
moinmoin ; 5
mom ; 12
mongodb ; 424
mongoose ; 3
mongrel ; 37
mongrel-cluster ; 9
mongrel-rails ; 3
monit ; 253
monitoring ; 1825
monitors ; 18
mono ; 106
moodle ; 24
motd ; 8
mount ; 696
mouse ; 25
mozilla ; 10
mp3 ; 10
mpio ; 20
mpls ; 43
mpm-prefork ; 54
mpm-worker ; 52
mrtg ; 30
ms-dos ; 56
ms-office-communicator ; 52
ms-security-essentials ; 9
msdcs ; 3
msdeploy ; 30
msdtc ; 32
msi ; 128
msmq ; 72
mstsc ; 33
msxml ; 5
mtime ; 6
mtr ; 15
mtu ; 86
multi-core ; 98
multi-homed ; 41
multi-platform ; 9
multi-tenancy ; 16
multi-threading ; 40
multicast ; 183
multipath ; 76
multiple-instances ; 37
multiplexing ; 12
multiprocessing ; 12
multiseat ; 4
mumble ; 1
munin ; 271
mutt ; 28
mv ; 34
mvc ; 20
mx-record ; 425
my.cnf ; 28
myisam ; 61
mysql ; 6132
mysql-cluster ; 75
mysql-replication ; 342
mysql5 ; 118
mysql5.1 ; 16
mysql5.5 ; 90
mythtv ; 3
nagios ; 974
naked-redirection ; 4
name ; 23
namecheap ; 12
named-conf ; 35
named-pipes ; 22
nameserver ; 608
namespaces ; 24
namevirtualhost ; 40
nant ; 6
nat ; 1071
native-mode ; 6
nautilus ; 5
navicat ; 6
navision ; 9
ncsa ; 5
ndmp ; 8
ndp ; 9
ndr ; 24
neo4j ; 3
nessus ; 12
net ; 21
net-snmp ; 54
net-use ; 27
netapp ; 122
netatalk ; 28
netbackup ; 45
netbios ; 91
netboot ; 34
netbsd ; 14
netcat ; 92
netflow ; 24
netflows ; 13
netgear ; 105
netinstall ; 8
netlogon ; 30
netmask ; 23
netrestore ; 5
netscaler ; 23
netscreen ; 23
netsh ; 65
netstat ; 191
netvault ; 1
network-attached-storage ; 478
network-design ; 92
network-filesystem ; 8
network-level-auth ; 9
network-management ; 13
network-monitoring ; 379
network-namespace ; 8
network-printer ; 154
network-protocols ; 69
network-share ; 881
network-speed ; 90
network-storage ; 49
network-teaming ; 28
network-topology ; 26
network-traffic ; 66
networker ; 5
networking ; 9249
networkmanager ; 35
newsletters ; 14
nexenta ; 79
nexus ; 28
nf-conntrack ; 12
nfs ; 1087
nfs4 ; 69
nginx ; 6462
nic ; 400
nice ; 37
nis ; 78
nix ; 13
nlb ; 86
nmap ; 123
nmon ; 1
nntp ; 3
nobody ; 11
node.js ; 363
noexec ; 3
nohup ; 43
nokia ; 7
nomachine ; 5
nortel ; 12
nosql ; 52
not-responding ; 29
nova-network ; 12
novell ; 86
npm ; 28
nps ; 52
nrpe ; 82
ns-record ; 45
nsclient++ ; 30
nsd ; 17
nslookup ; 116
nss ; 41
nsswitch.conf ; 21
nsupdate ; 6
ntbackup ; 47
ntfs ; 398
ntlm ; 113
ntop ; 34
ntp ; 364
ntpd ; 108
ntpdate ; 34
null-client ; 3
numa ; 20
nut ; 12
nutch ; 4
nuxeo ; 3
nx ; 30
nxlog ; 7
oauth ; 17
observium ; 7
ocfs2 ; 34
ocr ; 3
ocsp ; 17
odbc ; 121
odoo ; 18
oel ; 4
oem ; 9
off-topic ; 8962
offline-files ; 34
oid ; 38
olap ; 2
omdistro ; 2
omnibus ; 2
online-service ; 5
online-storage ; 11
ont ; 1
ontap ; 4
oom ; 46
oom-killer ; 8
opcode ; 7
open ; 15
open-basedir ; 24
open-iscsi ; 9
open-source ; 141
openafs ; 8
openais ; 3
openam ; 6
openbd ; 2
openbsd ; 138
openconnect ; 7
opendirectory ; 88
opendkim ; 12
opendns ; 28
opends ; 6
openfiler ; 45
openfire ; 50
openflow ; 7
opengl ; 17
openid ; 28
openindiana ; 39
openldap ; 714
opennebula ; 20
opennms ; 33
openntpd ; 2
openoffice ; 16
openshift-online ; 57
openshift-origin ; 12
opensolaris ; 162
openssl ; 665
opensso ; 10
openstack ; 227
openstack-cinder ; 1
openstack-glance ; 1
openstack-horizon ; 1
openstack-keystone ; 1
openstack-nova ; 9
opensuse ; 230
openswan ; 92
opentsdb ; 4
openvas ; 9
openvms ; 5
openvpn ; 1314
openvswitch ; 38
openvz ; 346
openwrt ; 88
openx ; 4
opera ; 6
operating-system ; 110
operations-orchestration ; 1
opscenter ; 44
opsview ; 15
opsware ; 3
opsworks ; 36
opteron ; 20
optical-media ; 55
optics ; 1
optimization ; 279
options ; 35
oracle ; 689
oracle-11g ; 145
oracle-application-server ; 3
oracle-asm ; 3
oracle-rac ; 18
oracle10g ; 107
oracle9i ; 19
oraclevm ; 15
oraclexe ; 15
organizational-unit ; 37
orphans ; 8
ospf ; 52
osql ; 5
ossec ; 37
ossim ; 6
osx-leopard ; 47
osx-lion ; 76
osx-mountain-lion ; 30
osx-snow-leopard ; 208
osx-yosemite ; 11
otrs ; 16
out-of-band-management ; 3
outage ; 22
outboundrules ; 12
outlook ; 673
outlook-2003 ; 62
outlook-2007 ; 189
outlook-2010 ; 225
outlook-2011 ; 3
outlook-2013 ; 25
outlook-anywhere ; 45
outlook-web-app ; 178
outofmemoryerror ; 35
overflow ; 7
overwrite ; 11
ovf ; 22
ovirt ; 8
owncloud ; 33
owner ; 15
p2p ; 30
pac ; 20
pacemaker ; 116
package ; 63
package-management ; 283
packages ; 89
packaging ; 39
packer ; 9
packet ; 68
packet-analyzer ; 34
packet-capture ; 97
packet-crafting ; 2
packet-sniffers ; 24
packetloss ; 61
packets ; 28
pae ; 20
page ; 18
page-speed ; 38
pagefile ; 50
paging ; 13
palo-alto-networks ; 4
pam ; 409
pam-krb ; 2
pam-ldap ; 29
paravirtualization ; 13
parse ; 11
parsing ; 26
parted ; 36
partition ; 737
partition-alignment ; 11
partition-table ; 14
passive ; 20
passphrase ; 16
passthrough ; 35
passwd ; 78
password ; 653
password-management ; 109
password-policy ; 31
password-protected ; 30
password-recovery ; 65
password-reset ; 49
paster ; 4
pat ; 20
patch ; 95
patch-management ; 85
path ; 163
paths ; 15
pattern-matching ; 13
pause ; 16
payload ; 4
paypal ; 8
pbs ; 19
pbx ; 80
pcap ; 44
pci ; 39
pci-dss ; 105
pci-express ; 60
pcoip ; 8
pcre ; 26
pdf ; 66
pdo ; 58
peap ; 16
pear ; 59
pecl ; 81
peering ; 10
perc6 ; 33
percona ; 103
percona-xtradb-cluster ; 28
perdition ; 1
perfmon ; 168
perfomance ; 9
perforce ; 16
performance ; 2326
performance-counters ; 48
performance-monitoring ; 396
performance-tuning ; 291
perl ; 471
permalinks ; 13
permgen ; 9
permissions ; 2572
persistence ; 6
pf ; 85
pfctl ; 2
pfsense ; 369
pgbouncer ; 1
pgp ; 38
pgrep ; 5
phantomjs ; 6
phishing ; 18
phone ; 22
php ; 5631
php-cgi ; 44
php-cli ; 11
php-fpm ; 932
php-mcrypt ; 15
php-memcached ; 8
php.ini ; 191
php5 ; 715
php5-gd ; 9
php53 ; 57
php56 ; 2
phpbb ; 17
phpbb3 ; 6
phpinfo ; 11
phplist ; 6
phpunit ; 1
phusion-passenger ; 400
physical-environment ; 177
physical-security ; 23
physical-to-virtual ; 85
pictures ; 25
pid ; 63
ping ; 551
pinning ; 6
pip ; 33
pipe ; 111
pipelining ; 6
piranha ; 6
piwik ; 19
pki ; 75
plink ; 12
plone ; 26
ploop ; 6
plsql ; 8
podcast ; 8
point-of-sale ; 4
point-to-point-protocol ; 60
policy-routing ; 36
policyd ; 12
polling ; 10
polycom ; 18
poodle ; 24
pool ; 24
poolmon ; 9
pop3 ; 176
port ; 1035
port-443 ; 15
port-80 ; 23
port-forwarding ; 738
port-mirroring ; 16
port-scanning ; 38
portmap ; 10
posix ; 24
postfix ; 3118
postfwd ; 2
postgis ; 23
postgresql ; 1167
postgresql-9.1 ; 5
postgresql-9.3 ; 17
postgresql-cluster ; 2
postscreen ; 2
pots ; 3
poudriere ; 1
pound ; 37
power-distribution-unit ; 38
power-over-ethernet ; 24
power-supply-unit ; 94
powercli ; 37
powerdns ; 53
powerpath ; 4
powerpc ; 3
powerpivot ; 4
powershell ; 1682
powershell-v3.0 ; 35
powershell-v4.0 ; 16
ppc ; 4
pppoa ; 3
pppoe ; 48
pptp ; 280
pptp-client ; 18
pptpd ; 75
preferences ; 9
prefork ; 13
prerequisites ; 6
preseed ; 54
presentations ; 6
print-server ; 143
printer ; 171
printing ; 483
privacy ; 47
private ; 28
private-ip ; 30
private-key ; 72
privoxy ; 10
procedures ; 4
process ; 550
process-accounting ; 8
process-automation ; 1
process-explorer ; 24
process-priority ; 16
procmail ; 84
profile ; 75
progress ; 9
promiscuous ; 6
promise-vtrak ; 2
prompt ; 28
protocol ; 30
protocol-analyzer ; 6
protocols ; 27
provider ; 8
providers ; 14
provisioning ; 85
proxied-authorization ; 2
proxmox ; 119
proxy ; 1853
proxy-authentication ; 7
proxy.pac ; 7
proxypass ; 141
ps ; 77
psad ; 6
psql ; 34
pstn ; 15
pstools ; 94
pt-stalk ; 2
ptp ; 5
ptr-record ; 90
public-folders ; 93
public-key ; 170
public-key-encryption ; 7
puppet ; 1229
puppet-agent ; 13
puppet-dashboard ; 23
puppet-r10k ; 1
puppetdb ; 21
puppetmaster ; 155
putty ; 290
pv ; 12
pvlan ; 7
pvmove ; 6
pxe-boot ; 310
pylons ; 5
python ; 951
pythonpath ; 7
qcow2 ; 32
qemu ; 199
qlogic ; 10
qnap ; 31
qos ; 144
qt ; 6
quagga ; 28
quantastor ; 1
query ; 134
querystring ; 32
queue ; 95
quickbooks ; 20
quiesce ; 5
quota ; 120
r1soft ; 6
rabbitmq ; 95
rack ; 141
rackmount ; 81
rackspace ; 162
rackspace-cloud ; 104
rackspace-cloud-sites ; 4
racoon ; 23
radius ; 190
radvd ; 17
raid ; 2326
raid-controller ; 41
raid0 ; 46
raid1 ; 277
raid10 ; 145
raid5 ; 314
raid6 ; 58
raidz ; 48
railo ; 21
ramdisk ; 51
rancid ; 3
random-number-generator ; 13
rar ; 16
rate-limiting ; 101
ravendb ; 3
raw-disk ; 19
razor ; 6
rbac ; 10
rbl ; 34
rc.d ; 13
rc.local ; 20
rdate ; 2
rdbms ; 15
rdc ; 28
rdesktop ; 20
rdiff-backup ; 54
rdp ; 673
rds ; 163
rdweb ; 8
read-only ; 66
readwrite ; 5
readyboost ; 3
readynas ; 27
realtek ; 4
realtime ; 30
rebuild ; 50
reconnect ; 3
record ; 27
recursion ; 7
recursive ; 36
red5 ; 20
redhat ; 1884
redirect ; 1239
redirection ; 188
redis ; 154
redis-sentinel ; 2
redmine ; 161
redundancy ; 204
refactoring ; 5
refs ; 4
regex ; 303
regular-expressions ; 67
reinstall ; 41
reiserfs ; 19
release-management ; 6
remote ; 435
remote-access ; 784
remote-desktop ; 1072
remote-desktop-services ; 303
remoteapp ; 116
remoting ; 20
removable-storage ; 11
removal ; 7
remove ; 44
remus ; 2
rename ; 93
renderfarm ; 5
renew ; 10
repeater ; 17
replace ; 35
replica-set ; 8
replication ; 742
report ; 21
reporting ; 99
repository ; 212
request ; 71
request-filtering ; 15
request-tracker ; 35
requestheader ; 9
requests ; 22
requirements ; 8
rescue-disk ; 8
reseller ; 12
reserved-instances ; 8
reset ; 34
resilience ; 5
resin ; 7
resolution ; 24
resolv.conf ; 74
resolve ; 38
resource-management ; 45
resources ; 70
response-time ; 39
restore ; 231
restricted ; 3
restriction ; 10
restrictions ; 31
resume ; 17
retrospect ; 3
return-path ; 13
reverse ; 65
reverse-dns ; 258
reverse-engineering ; 5
reverse-proxy ; 1102
revision-control ; 18
revoked ; 9
rewrite ; 1213
rewritecond ; 69
rewritemap ; 11
rfc ; 50
rhcs ; 11
rhel4 ; 45
rhel5 ; 349
rhel6 ; 341
rhel7 ; 38
rhev ; 14
rhn ; 16
rhodecode ; 5
riak ; 16
rip ; 24
risk-management ; 5
rj45 ; 8
rkhunter ; 23
rm ; 49
rmagick ; 6
rman ; 10
rndc ; 14
roaming ; 12
roaming-profile ; 150
robocopy ; 148
robots.txt ; 57
rodc ; 31
rogue ; 6
rollback ; 21
root ; 346
rootfs ; 13
rootkit ; 38
rootsh ; 2
rotation ; 11
round-robin ; 42
roundcube ; 71
route ; 315
router ; 1415
routeros ; 28
routes ; 16
routing ; 1884
rp-pppoe ; 2
rpc ; 81
rpm ; 483
rpz ; 5
rras ; 210
rrdtool ; 81
rsa ; 125
rsh ; 11
rsnapshot ; 80
rst ; 16
rstp ; 6
rsync ; 1003
rsyslog ; 261
rtmp ; 31
rtp ; 13
rtsp ; 10
ruby ; 387
ruby-on-rails ; 769
ruby-on-rails-3 ; 47
ruby-rack ; 18
rubygems ; 72
rules ; 63
runas ; 29
runit ; 15
runlevel ; 22
rvm ; 72
rxvt ; 3
rysnc ; 6
s3cmd ; 21
s3fs ; 20
s3ql ; 3
sa-exim ; 6
saas ; 43
safari ; 26
safe-mode ; 14
safe-remove ; 12
safety ; 10
saltstack ; 81
samba ; 1125
samba4 ; 112
sametime ; 4
sap ; 41
sar ; 37
sas ; 298
sasl ; 145
saslauthd ; 52
sata ; 255
satellite ; 28
scalability ; 203
scale ; 16
scaling ; 110
scalr ; 13
scam ; 6
sccm ; 212
sccm-2007 ; 29
sccm-2012 ; 98
sccm-2012-r2 ; 17
scdpm ; 93
schannel ; 2
schedule ; 9
scheduled ; 11
scheduled-task ; 397
scheduler ; 35
scheduling ; 39
schema ; 75
schtasks ; 7
scientific-linux ; 48
scm ; 14
scom ; 87
scope ; 15
scp ; 273
scraping ; 16
screen ; 237
screen-capture ; 2
screen-resolution ; 28
screen-sharing ; 17
screencasts ; 2
screenos ; 16
screwturn ; 4
scribe ; 4
scriptalias ; 8
scripting ; 1308
scsi ; 130
scsm-2012 ; 7
sctp ; 6
scvmm ; 84
sd-card ; 9
sdk ; 4
seagate ; 20
seamless ; 3
search ; 175
search-and-replace ; 18
search-engine ; 31
search-server ; 23
sec ; 1
secast ; 4
secondary ; 11
secure-delete ; 21
securid ; 10
security ; 4737
security-zones ; 5
sed ; 156
segfault ; 55
segmentation ; 5
segmentationfault ; 39
selenium ; 24
selinux ; 315
sendgrid ; 17
sendmail ; 905
sensu ; 10
seo ; 65
serial ; 152
server-crashes ; 150
server-message-block ; 357
server-room ; 81
server-settings ; 17
server-setup ; 62
server-side-includes ; 37
serveralias ; 26
serverside ; 5
serverview ; 1
service ; 246
service-accounts ; 35
service-pack ; 48
service-rec ; 2
services ; 351
servlet ; 29
servlets ; 11
session ; 163
setenv ; 25
setenvif ; 14
setfacl ; 12
setgid ; 15
settings ; 61
setuid ; 29
setuptools ; 10
sflow ; 12
sfp ; 41
sftp ; 526
sh ; 39
shadow ; 25
sharding ; 34
share ; 269
shared-hosting ; 226
shared-printers ; 62
shared-storage ; 25
sharepoint ; 883
sharepoint-2007 ; 242
sharepoint-2010 ; 225
sharepoint-2013 ; 8
sharepoint-services ; 24
shares ; 43
shell ; 924
shell-scripting ; 304
shibboleth ; 34
shipping ; 5
shmmax ; 6
shorewall ; 70
shortcut ; 39
shrew ; 6
shrink ; 28
shutdown ; 36
sid ; 35
sieve ; 29
signals ; 24
silent ; 24
simpledb ; 5
sinatra ; 17
single-sign-on ; 164
single-system-image ; 4
sip ; 182
site-to-site-vpn ; 200
sitemap ; 15
sizing ; 15
skype ; 37
sla ; 18
slackware ; 47
slapd ; 35
slave ; 22
sles ; 184
sles10 ; 20
sles11 ; 48
slicehost ; 29
slices ; 5
slow-connection ; 88
small-business ; 77
smart ; 125
smartcard ; 35
smartctl ; 39
smarthost ; 35
smartmontools ; 8
smartos ; 28
smartphone ; 16
smb-conf ; 14
smbfs ; 13
smf ; 19
smime ; 21
smoothwall ; 13
smp ; 30
sms ; 44
sms-gateway ; 15
smtp ; 1911
smtp-auth ; 56
smtpd ; 26
smtps ; 3
snapshot ; 244
sneakernet ; 3
sni ; 70
sniffer ; 48
sniffing ; 23
snippet ; 4
snmp ; 522
snmpd ; 48
snmpv3 ; 3
snoop ; 11
snort ; 88
soa ; 12
soap ; 43
socat ; 25
socket ; 357
socks ; 105
soekris ; 2
softether ; 1
softphone ; 13
software-raid ; 545
solaris ; 986
solaris-10 ; 127
solaris-11 ; 36
solr ; 150
solusvm ; 11
sonet ; 3
sonicwall ; 232
sophos ; 20
sort ; 21
source ; 64
sox ; 10
spacewalk ; 15
spam ; 878
spam-filter ; 109
spamassassin ; 206
span ; 16
spanning-tree ; 36
sparc ; 36
spawn-fcgi ; 20
spawning ; 5
spdy ; 45
specfile ; 12
specifications ; 34
specs ; 7
spellcheck ; 6
spf ; 373
sphinx ; 18
sphinxsearch ; 36
split-dns ; 26
split-tunnel ; 10
split-tunneling ; 8
splunk ; 39
spn ; 35
spnego ; 5
spoofing ; 65
springframework ; 22
sql ; 983
sql-server ; 3904
sql-server-2005 ; 1056
sql-server-2008 ; 1787
sql-server-2008-r2 ; 347
sql-server-2012 ; 182
sql-server-2014 ; 8
sql-server-cluster ; 6
sql-server-express ; 35
sqlanywhere ; 11
sqlclr ; 9
sqldeveloper ; 4
sqlio ; 5
sqlite ; 68
sqlplus ; 15
squid ; 923
squirrelmail ; 38
sr-iov ; 6
srv-record ; 23
srx ; 10
ss7 ; 1
ssd ; 444
ssg5 ; 14
ssh ; 4853
ssh-agent ; 73
ssh-keygen ; 26
ssh-keys ; 345
ssh-tunnel ; 395
sshfs ; 78
ssis ; 61
ssl ; 3266
ssl-certificate ; 1404
ssms ; 152
ssmtp ; 36
ssp ; 5
ssrs ; 204
ssrs-2008 ; 35
ssrs-2008-r2 ; 13
ssrs-2012 ; 9
sssd ; 58
sstp ; 37
stability ; 16
start ; 23
start-stop ; 4
start-stop-daemon ; 15
starttls ; 39
startup ; 173
startup-scripts ; 76
starwind ; 5
stat ; 7
state-server ; 7
stateless ; 3
static-content ; 78
static-files ; 31
static-ip ; 183
static-routes ; 88
statistics ; 20
stats ; 17
statsd ; 15
stderr ; 29
stdin ; 23
stdout ; 37
stealth ; 5
sticky-sessions ; 42
stop ; 15
stoperror ; 10
storage ; 1242
storage-area-network ; 695
storage-server ; 7
storage-spaces ; 42
stored-procedures ; 32
stp ; 40
strace ; 60
stream ; 15
streaming ; 126
stress ; 12
stress-testing ; 63
strings ; 21
strongswan ; 53
stty ; 7
stunnel ; 88
su ; 87
subdomain ; 867
subnet ; 463
subscription ; 9
subversion-edge ; 18
sudo ; 558
suexec ; 80
sugarcrm ; 11
suid ; 14
sun ; 117
sun-one ; 11
sunos ; 28
sunray ; 6
supermicro ; 118
supervisord ; 132
suphp ; 70
surge-protection ; 15
surveillance ; 6
survey ; 3
suspend ; 13
svchost ; 15
svn ; 1215
svnserve ; 40
swap ; 197
swapping ; 12
swf ; 5
switch ; 1033
sybase ; 29
symantec ; 91
symantec-endpoint-protect ; 22
symbian ; 2
symbolic-link ; 161
symfony ; 29
symlink ; 115
sympa ; 10
syn ; 16
synaptic ; 7
synchronization ; 373
synergy ; 5
synology ; 90
syntax ; 34
sysctl ; 56
syslinux ; 16
syslog ; 367
syslog-ng ; 90
syslogd ; 13
sysprep ; 123
sysrq ; 2
system-building ; 7
system-center ; 90
system-center-essentials ; 14
system-monitoring ; 70
system-properties ; 8
system-restore ; 37
system-state ; 15
systemctl ; 13
systemd ; 107
systempath ; 6
sysv ; 8
sysvol ; 17
t1 ; 28
tab ; 5
table-partitioning ; 11
tacacs+ ; 16
tagging ; 10
tai ; 2
tail ; 65
tap ; 49
tape ; 157
tapedrive ; 48
tar ; 245
target ; 8
task ; 29
task-manager ; 47
task-scheduler ; 168
tc ; 103
tcl ; 11
tcp ; 930
tcp-offload-engine ; 9
tcp-slow-start ; 11
tcp-window ; 6
tcp-window-scaling ; 5
tcpdump ; 231
tcpip ; 334
tcpreplay ; 11
team-foundation-server ; 286
teamcity ; 51
teamviewer ; 22
tee ; 8
telephone ; 18
telephony ; 62
telnet ; 217
tempdb ; 23
template ; 34
templates ; 32
teredo ; 11
term ; 5
terminal ; 293
terminal-server ; 410
terminfo ; 6
terminology ; 27
test ; 38
test-kitchen ; 2
testing ; 196
text ; 48
tftp ; 79
theory ; 13
thick-provisioning ; 5
thin ; 46
thin-client ; 109
thin-provisioning ; 19
thrashing ; 4
threadpool ; 6
threads ; 69
throttling ; 28
thttpd ; 9
thunderbird ; 70
tiger ; 9
time ; 365
time-machine ; 33
time-server ; 11
time-synchronization ; 129
time-wait ; 21
timeout ; 356
timestamp ; 42
timezone ; 134
tinc ; 8
tinydns ; 19
tinyproxy ; 5
tivoli ; 20
tld ; 35
tls ; 340
tmg ; 20
tmp ; 58
tmpfs ; 41
tmpwatch ; 6
tmux ; 27
tnef ; 2
token ; 10
tolven ; 1
tomato ; 31
tombstones ; 5
tomcat ; 1586
tomcat5.5 ; 35
tomcat6 ; 268
tomcat7 ; 129
toolkit ; 4
top ; 214
topology ; 32
tor ; 27
tornado ; 20
torque ; 19
torrent ; 12
tortoisehg ; 4
tortoisesvn ; 74
tp-link ; 7
tpm ; 12
trac ; 121
trace ; 50
traffic ; 214
traffic-filtering ; 22
traffic-management ; 41
traffic-shaping ; 155
tramp ; 2
transaction-log ; 57
transactional-replication ; 29
transcoding ; 6
transparent-proxy ; 115
tridion ; 24
trim ; 26
tripwire ; 15
trixbox ; 26
troubleshooting ; 268
tru64 ; 6
truecrypt ; 57
trueimage ; 3
truncate ; 13
trunk ; 66
tshark ; 41
tsig ; 1
tsl ; 6
tsm ; 13
tsql ; 50
tswa ; 2
tsweb ; 4
ttl ; 66
tty ; 44
tun ; 41
tune2fs ; 8
tungsten ; 3
tuning ; 50
tunnel ; 91
tunneling ; 264
turnkey-linux ; 18
tutorial ; 20
twiki ; 13
twisted ; 9
twitter ; 14
two-factor ; 20
txt-record ; 32
typo3 ; 10
uac ; 111
ubiquiti ; 3
ubiquiti-edgerouter ; 3
ubuntu ; 9865
ubuntu-10.04 ; 721
ubuntu-10.10 ; 106
ubuntu-11.04 ; 78
ubuntu-11.10 ; 54
ubuntu-12.04 ; 968
ubuntu-12.10 ; 43
ubuntu-13.04 ; 36
ubuntu-14.04 ; 317
ubuntu-14.10 ; 6
ubuntu-8.04 ; 87
ubuntu-9.04 ; 73
ubuntu-9.10 ; 121
ubuntu-enterprise-cloud ; 9
ucarp ; 13
ucc ; 16
udb-db2 ; 2
udev ; 62
udevd ; 4
udp ; 268
uec ; 12
uefi ; 41
ufs ; 15
ufw ; 122
ui ; 8
uid ; 25
ulimit ; 122
ultrasparc ; 8
umask ; 59
unattended ; 78
unc ; 84
undelete ; 20
undo ; 5
unexpected-shutdown ; 22
unicast ; 11
unicode ; 29
unicorn ; 108
unified-communications ; 10
uninstall ; 108
unionfs ; 7
uniqueidentifier ; 7
unison ; 31
unity ; 4
unix ; 1566
unix-shell ; 93
unixodbc ; 19
unlink ; 4
unmount ; 6
untangle ; 9
up2date ; 5
update ; 445
upgrade ; 195
upload ; 257
upnp ; 14
ups ; 180
upstart ; 226
uptime ; 68
uri ; 15
uri-decoding ; 1
url ; 294
url-routing ; 42
usage ; 38
usb ; 286
usb-boot ; 25
usb-flash-drive ; 86
user-accounts ; 307
user-experience ; 4
user-management ; 476
user-mode-linux ; 3
user-permissions ; 213
user-profile ; 154
user-settings ; 17
useradd ; 29
useragent ; 38
usermod ; 19
users ; 448
usmt ; 9
utc ; 13
utf-8 ; 80
utilities ; 30
utility ; 13
utilization ; 10
utm ; 10
utp ; 7
uuid ; 31
uwsgi ; 196
v2p ; 11
vacuum ; 7
vagrant ; 281
valgrind ; 3
var ; 17
varbinary ; 2
varnish ; 621
varnishncsa ; 3
vb ; 7
vb.net ; 15
vb6 ; 15
vblock ; 2
vboxmanage ; 8
vbscript ; 170
vbulletin ; 12
vcac ; 1
vcb ; 2
vcloud-automation-center ; 1
vcpu ; 29
vcs ; 11
vdi ; 70
vds ; 9
vector-graphics ; 2
veeam ; 16
verification ; 14
veritas ; 19
veritas-cluster-server ; 7
version-control ; 107
versioning ; 28
vfs ; 5
vhd ; 138
vhost ; 120
vhosts ; 292
vi ; 31
via ; 3
video ; 134
video-conferencing ; 14
video-hosting ; 19
video-streaming ; 102
viewvc ; 4
vigor ; 12
vim ; 81
vimrc ; 14
virsh ; 35
virt-install ; 12
virt-manager ; 29
virtio ; 14
virtual-appliances ; 7
virtual-directory ; 46
virtual-disk ; 22
virtual-drive ; 5
virtual-hosting ; 8
virtual-ip ; 28
virtual-machines ; 1360
virtual-memory ; 88
virtual-network ; 25
virtual-private-cloud ; 7
virtualbox ; 819
virtualdirectories ; 22
virtualenv ; 41
virtualhost ; 1430
virtualization ; 2736
virtuoso ; 3
virtuozzo ; 27
visio ; 15
visitors ; 5
visual-studio ; 69
visual-studio-2008 ; 16
visual-studio-2010 ; 39
visualization ; 19
visualsvn-server ; 94
vlan ; 715
vlsm ; 7
vmbuilder ; 4
vmdk ; 13
vmfs ; 31
vmlinuz ; 3
vmotion ; 22
vms ; 7
vmstat ; 35
vmware-converter ; 54
vmware-esx ; 666
vmware-esxi ; 1930
vmware-fusion ; 84
vmware-player ; 116
vmware-server ; 337
vmware-srm ; 4
vmware-thinapp ; 7
vmware-tools ; 39
vmware-vcenter ; 297
vmware-vcloud-director ; 8
vmware-vdr ; 4
vmware-view ; 41
vmware-vma ; 3
vmware-vmdk ; 61
vmware-vsphere ; 771
vmware-workstation ; 349
vnc ; 316
voice ; 13
voip ; 329
vonage ; 3
vpn ; 2832
vps ; 1295
vrrp ; 14
vsphere-client ; 32
vss ; 135
vswitch ; 27
vulnerabilities ; 43
vulnerability ; 20
vyatta ; 44
w32time ; 30
wadk ; 1
waik ; 23
wake-on-lan ; 74
warm-standby ; 3
warning ; 18
warranty ; 5
was7 ; 12
watch ; 13
watchdog ; 25
watchguard ; 77
wbadmin ; 28
wcf ; 78
wds ; 212
web ; 398
web-application-firewall ; 20
web-application-proxy ; 4
web-applications ; 233
web-crawler ; 65
web-farm ; 59
web-hosting ; 699
web-platform-installer ; 20
web-proxy ; 5
web-server ; 2314
web-services ; 128
web.config ; 72
webalizer ; 15
webdav ; 228
webdavfs ; 3
webex ; 9
webfilter ; 43
webi ; 1
weblogic ; 121
webmail ; 68
webpart ; 12
websense ; 4
website ; 426
websocket ; 7
websphere ; 103
wes7 ; 1
wget ; 190
whatsup ; 5
whitelist ; 67
whois ; 85
wide-area-network ; 215
wifi ; 934
wiki ; 85
wildcard ; 142
wildcard-subdomain ; 102
wildcards ; 11
wildfly8 ; 11
wim ; 23
wimax ; 5
winbind ; 82
windbg ; 8
window-managers ; 5
windows ; 10689
windows-2000 ; 52
windows-7 ; 2831
windows-8 ; 170
windows-8.1 ; 128
windows-authentication ; 197
windows-ce ; 9
windows-cluster ; 131
windows-command-prompt ; 180
windows-dns ; 54
windows-embedded ; 15
windows-event-log ; 346
windows-explorer ; 60
windows-firewall ; 254
windows-home-server ; 53
windows-ias-server ; 15
windows-installer ; 57
windows-messenger ; 3
windows-mobile ; 21
windows-multipoint-server ; 8
windows-nlb ; 22
windows-pe ; 50
windows-phone-7 ; 6
windows-registry ; 254
windows-sbs ; 217
windows-sbs-2003 ; 261
windows-sbs-2008 ; 301
windows-sbs-2011 ; 225
windows-server-2000 ; 137
windows-server-2003 ; 5204
windows-server-2003-r2 ; 169
windows-server-2008 ; 8009
windows-server-2008-r2 ; 4179
windows-server-2012 ; 1769
windows-server-2012-r2 ; 712
windows-server-backup ; 70
windows-server-core ; 85
windows-server-essentials ; 51
windows-service ; 288
windows-storage-server ; 11
windows-terminal-services ; 261
windows-update ; 323
windows-virtual-pc ; 16
windows-vista ; 383
windows-xp ; 1596
wine ; 14
winhttp ; 6
winpcap ; 7
winrm ; 75
wins ; 51
winscp ; 43
wired ; 13
wireless-bridge ; 44
wireshark ; 287
wiring ; 42
wkhtmltopdf ; 7
wlan ; 53
wlbs ; 3
wmi ; 273
wordpress ; 831
wordpress-mu ; 12
workbench ; 5
worker-process ; 23
workgroup ; 91
workload ; 4
workstation-management ; 17
wpa ; 30
wpa2 ; 26
wpad ; 6
wpad.dat ; 17
write ; 23
write-barrier ; 1
wsdl ; 15
wsgi ; 88
wss ; 38
wss-3.0 ; 65
wsus ; 335
wsus-offline ; 2
www ; 30
www-data ; 49
wysiwyg ; 6
x-forwarded-for ; 28
x-frame-options ; 4
x11 ; 128
x11forwarding ; 41
x509 ; 53
x86 ; 33
x86-64 ; 19
xamp ; 4
xampp ; 206
xapian ; 3
xargs ; 32
xauth ; 7
xcache ; 14
xcopy ; 26
xdebug ; 33
xdmcp ; 8
xen ; 985
xen4.4 ; 1
xenapp ; 72
xendesktop ; 18
xenserver ; 445
xeon ; 72
xeon-phi ; 1
xfs ; 157
xinetd ; 45
xl2tpd ; 17
xml ; 91
xmlrpc ; 5
xmpp ; 120
xorg ; 35
xpath ; 3
xserve ; 40
xserver ; 11
xsp2 ; 3
xterm ; 17
xtrabackup ; 13
xtradb ; 11
xubuntu ; 12
xvfb ; 7
yaml ; 7
yaws ; 3
yp ; 11
yslow ; 6
yum ; 893
zabbix ; 203
zabbix-agent ; 32
zend ; 38
zend-framework ; 64
zend-optimizer ; 9
zend-server ; 34
zend-server-ce ; 16
zenoss ; 42
zentyal ; 29
zenworks ; 5
zerigo ; 8
zero ; 4
zero-fill ; 7
zerovm ; 1
zeus ; 9
zfs ; 634
zfs-fuse ; 4
zfs-l2arc ; 9
zfsonlinux ; 35
zimbra ; 134
znapzend ; 1
zombie ; 26
zoneedit ; 6
zones ; 35
zoning ; 5
zookeeper ; 8
zope ; 13
zos ; 7
zpool ; 40
zsh ; 43
zvol ; 4
zypper ; 3
zywall ; 9
zyxel ; 27
